Destination,Destination IP,Hop,IP,ASN,City,Region,Country,Loc,Postal,Timezone,RTT1,RTT2,RTT3
google.com,142.250.81.238,1,172.20.160.1,N/A,,,,,,,1.19,0.6,0.54
mail.ru,217.69.139.200,1,172.20.160.1,N/A,,,,,,,0.76,0.57,1.0
microsoft.com,13.107.253.40,1,172.20.160.1,N/A,,,,,,,0.73,0.93,0.42
facebook.com,31.13.71.36,1,172.20.160.1,N/A,,,,,,,0.51,0.79,1.07
amazonaws.com,72.21.206.80,1,172.20.160.1,N/A,,,,,,,0.77,1.17,0.85
youtube.com,142.250.80.110,1,172.20.160.1,N/A,,,,,,,1.17,1.2,1.09
dzen.ru,5.61.23.39,1,172.20.160.1,N/A,,,,,,,0.94,0.8,0.95
akamai.net,N/A,N/A,Unresolvable,,,,,,,,,,
googleapis.com,142.250.80.4,1,172.20.160.1,N/A,,,,,,,1.98,0.99,1.44
cloudflare.com,104.16.132.229,1,172.20.160.1,N/A,,,,,,,1.12,1.19,1.37
akamaiedge.net,N/A,N/A,Unresolvable,,,,,,,,,,
instagram.com,157.240.241.174,1,172.20.160.1,N/A,,,,,,,1.15,1.3,1.0
twitter.com,172.66.0.227,1,172.20.160.1,N/A,,,,,,,0.86,1.08,1.32
office.com,13.107.6.156,1,172.20.160.1,N/A,,,,,,,1.33,0.81,1.62
apple.com,17.253.144.10,1,172.20.160.1,N/A,,,,,,,0.76,1.33,0.82
gstatic.com,142.250.65.227,1,172.20.160.1,N/A,,,,,,,1.44,0.81,1.3
azure.com,20.231.239.246,1,172.20.160.1,N/A,,,,,,,1.06,0.83,1.16
akadns.net,N/A,N/A,Unresolvable,,,,,,,,,,
linkedin.com,150.171.22.12,1,172.20.160.1,N/A,,,,,,,1.25,1.36,0.2
live.com,204.79.197.212,1,172.20.160.1,N/A,,,,,,,0.44,0.84,0.58
ax-msedge.net,N/A,N/A,Unresolvable,,,,,,,,,,
googlevideo.com,142.250.80.68,1,172.20.160.1,N/A,,,,,,,0.72,1.08,1.33
apple-dns.net,N/A,N/A,Unresolvable,,,,,,,,,,
googletagmanager.com,142.251.40.232,1,172.20.160.1,N/A,,,,,,,0.97,1.03,0.18
windowsupdate.com,N/A,N/A,Unresolvable,,,,,,,,,,
fbcdn.net,57.144.180.1,1,172.20.160.1,N/A,,,,,,,1.05,0.62,1.24
amazon.com,52.94.236.248,1,172.20.160.1,N/A,,,,,,,1.06,0.58,0.32
microsoftonline.com,N/A,N/A,Unresolvable,,,,,,,,,,
workers.dev,104.18.13.15,1,172.20.160.1,N/A,,,,,,,0.77,1.03,1.11
wikipedia.org,208.80.154.224,1,172.20.160.1,N/A,,,,,,,1.08,1.31,1.73
bluelive77.com,172.67.176.24,1,172.20.160.1,N/A,,,,,,,1.15,0.75,1.17
skyeng.ru,178.248.234.206,1,172.20.160.1,N/A,,,,,,,1.22,1.74,1.29
workupjob.com,172.67.10.57,1,172.20.160.1,N/A,,,,,,,0.91,1.74,1.01
tapatalk.com,172.66.132.34,1,172.20.160.1,N/A,,,,,,,0.85,0.86,0.83
messefrankfurt.com,193.109.4.37,1,172.20.160.1,N/A,,,,,,,0.61,1.15,0.33
elephantbet.co.ao,185.162.229.2,1,172.20.160.1,N/A,,,,,,,0.55,1.32,0.74
mir-chitki.ru,195.161.62.201,1,172.20.160.1,N/A,,,,,,,0.46,0.9,0.9
skokka.in,104.18.32.128,1,172.20.160.1,N/A,,,,,,,1.22,1.12,0.3
bpcyber.com,N/A,N/A,Unresolvable,,,,,,,,,,
toonkor.wiki,104.18.29.147,1,172.20.160.1,N/A,,,,,,,0.84,0.81,1.07
list.ly,99.83.220.108,1,172.20.160.1,N/A,,,,,,,0.41,0.92,0.83
canalturf.com,185.103.143.176,1,172.20.160.1,N/A,,,,,,,0.88,1.08,0.76
nationaltrust.org.uk,52.210.108.135,1,172.20.160.1,N/A,,,,,,,0.92,0.98,0.38
google.com,142.250.81.238,2,192.168.1.1,N/A,,,,,,,2.01,*,*
postal.pt,104.21.73.24,1,172.20.160.1,N/A,,,,,,,0.62,1.77,1.06
worldbyte.net,46.243.3.93,1,172.20.160.1,N/A,,,,,,,0.81,0.88,0.66
googleapis.com,142.250.80.4,2,192.168.1.1,N/A,,,,,,,2.94,*,*
v6velugu.com,51.158.30.124,1,172.20.160.1,N/A,,,,,,,0.68,0.73,0.56
avanture.net,104.26.4.86,1,172.20.160.1,N/A,,,,,,,0.89,0.91,0.72
babo88.com,104.21.71.253,1,172.20.160.1,N/A,,,,,,,0.65,1.02,0.89
googleapis.com,142.250.80.4,3,71.172.72.1,N/A,,,,,,,4.46,3.47,3.09
tamilkamaveri.com,172.67.69.189,1,172.20.160.1,N/A,,,,,,,0.66,0.61,0.52
keiba.go.jp,N/A,N/A,Unresolvable,,,,,,,,,,
google.com,142.250.81.238,3,71.172.72.1,N/A,,,,,,,3.83,3.73,4.16
tgstat.ru,104.22.51.124,1,172.20.160.1,N/A,,,,,,,0.23,0.62,0.55
live.com,204.79.197.212,2,192.168.1.1,N/A,,,,,,,3.34,*,*
rogmovies.lol,104.21.48.1,1,172.20.160.1,N/A,,,,,,,0.92,0.6,0.47
tamilscandals2.com,104.21.32.1,1,172.20.160.1,N/A,,,,,,,0.71,0.5,0.54
mail.ru,217.69.139.200,2,*,,,,,,,,*,*,*
microsoft.com,13.107.253.40,2,*,,,,,,,,*,*,*
songkick.com,34.54.35.202,1,172.20.160.1,N/A,,,,,,,0.76,0.34,0.46
facebook.com,31.13.71.36,2,*,,,,,,,,*,*,*
syracuse.com,99.83.138.34,1,172.20.160.1,N/A,,,,,,,0.74,0.76,0.35
amazonaws.com,72.21.206.80,2,*,,,,,,,,*,*,*
ungrounded.net,15.235.14.84,1,172.20.160.1,N/A,,,,,,,0.5,0.69,0.53
dzen.ru,5.61.23.39,2,*,,,,,,,,*,*,*
youtube.com,142.250.80.110,2,*,,,,,,,,*,*,*
googleapis.com,142.250.80.4,4,100.41.132.142,N/A,,,,,,,8.01,5.35,7.43
workers.dev,104.18.13.15,2,192.168.1.1,N/A,,,,,,,3.88,*,*
live.com,204.79.197.212,3,71.172.72.1,N/A,,,,,,,9.66,4.46,3.61
twitter.com,172.66.0.227,2,*,,,,,,,,*,*,*
google.com,142.250.81.238,4,100.41.132.140,N/A,,,,,,,8.31,5.19,7.37
instagram.com,157.240.241.174,2,*,,,,,,,,*,*,*
1tamilmv.fi,172.67.147.94,1,172.20.160.1,N/A,,,,,,,0.37,0.51,0.3
cloudflare.com,104.16.132.229,2,*,,,,,,,,*,*,*
facebook.com,31.13.71.36,3,71.172.72.1,N/A,,,,,,,3.75,8.99,3.77
amazonaws.com,72.21.206.80,3,71.172.72.1,N/A,,,,,,,3.04,3.57,6.68
gstatic.com,142.250.65.227,2,*,,,,,,,,*,*,*
krakow.pl,149.156.2.195,1,172.20.160.1,N/A,,,,,,,0.42,0.65,0.7
dzen.ru,5.61.23.39,3,71.172.72.1,N/A,,,,,,,6.06,6.99,2.79
office.com,13.107.6.156,2,*,,,,,,,,*,*,*
azure.com,20.231.239.246,2,*,,,,,,,,*,*,*
apple.com,17.253.144.10,2,*,,,,,,,,*,*,*
retargetly.com,172.67.8.244,1,172.20.160.1,N/A,,,,,,,0.45,0.54,0.45
mir-chitki.ru,195.161.62.201,2,192.168.1.1,N/A,,,,,,,4.02,*,*
microsoft.com,13.107.253.40,3,71.172.72.1,N/A,,,,,,,3.53,5.73,5.24
worldbyte.net,46.243.3.93,2,192.168.1.1,N/A,,,,,,,2.69,2.37,*
twitter.com,172.66.0.227,3,71.172.72.1,N/A,,,,,,,5.88,4.92,4.01
linkedin.com,150.171.22.12,2,*,,,,,,,,*,*,*
mail.ru,217.69.139.200,3,71.172.72.1,N/A,,,,,,,4.21,6.32,7.52
live.com,204.79.197.212,4,100.41.132.142,N/A,,,,,,,5.85,6.38,8.07
workers.dev,104.18.13.15,3,71.172.72.1,N/A,,,,,,,7.98,30.06,2.41
instagram.com,157.240.241.174,3,71.172.72.1,N/A,,,,,,,6.68,2.96,2.26
googlevideo.com,142.250.80.68,2,*,,,,,,,,*,*,*
youtube.com,142.250.80.110,3,71.172.72.1,N/A,,,,,,,3.33,5.98,2.39
fbcdn.net,57.144.180.1,2,*,,,,,,,,*,*,*
cloudflare.com,104.16.132.229,3,71.172.72.1,N/A,,,,,,,5.79,4.93,4.65
gstatic.com,142.250.65.227,3,71.172.72.1,N/A,,,,,,,4.57,5.12,11.09
facebook.com,31.13.71.36,4,100.41.132.142,N/A,,,,,,,7.53,5.59,8.89
googletagmanager.com,142.251.40.232,2,*,,,,,,,,*,*,*
wikipedia.org,208.80.154.224,2,*,,,,,,,,*,*,*
dzen.ru,5.61.23.39,4,100.41.132.140,N/A,,,,,,,9.04,9.73,8.79
mir-chitki.ru,195.161.62.201,3,71.172.72.1,N/A,,,,,,,6.97,4.22,4.55
amazonaws.com,72.21.206.80,4,100.41.132.140,N/A,,,,,,,10.52,4.9,8.78
amazon.com,52.94.236.248,2,*,,,,,,,,*,*,*
linkedin.com,150.171.22.12,3,71.172.72.1,N/A,,,,,,,4.07,6.01,4.78
office.com,13.107.6.156,3,71.172.72.1,N/A,,,,,,,4.31,5.25,7.76
azure.com,20.231.239.246,3,71.172.72.1,N/A,,,,,,,9.15,5.58,4.41
apple.com,17.253.144.10,3,71.172.72.1,N/A,,,,,,,3.02,3.52,3.96
twitter.com,172.66.0.227,4,100.41.132.142,N/A,,,,,,,5.97,5.83,5.94
skyeng.ru,178.248.234.206,2,*,,,,,,,,*,*,*
workers.dev,104.18.13.15,4,100.41.132.142,N/A,,,,,,,7.29,10.07,5.77
bluelive77.com,172.67.176.24,2,*,,,,,,,,*,*,*
workupjob.com,172.67.10.57,2,*,,,,,,,,*,*,*
googlevideo.com,142.250.80.68,3,71.172.72.1,N/A,,,,,,,5.21,4.07,5.02
v6velugu.com,51.158.30.124,2,192.168.1.1,N/A,,,,,,,*,*,2.25
instagram.com,157.240.241.174,4,100.41.132.142,N/A,,,,,,,5.51,7.61,5.18
youtube.com,142.250.80.110,4,100.41.132.140,N/A,,,,,,,7.32,8.18,8.12
cloudflare.com,104.16.132.229,4,100.41.132.140,N/A,,,,,,,6.01,17.48,7.66
tapatalk.com,172.66.132.34,2,*,,,,,,,,*,*,*
mir-chitki.ru,195.161.62.201,4,100.41.132.140,N/A,,,,,,,9.45,8.44,14.14
messefrankfurt.com,193.109.4.37,2,*,,,,,,,,*,*,*
worldbyte.net,46.243.3.93,3,71.172.72.1,N/A,,,,,,,3.49,4.52,14.58
elephantbet.co.ao,185.162.229.2,2,*,,,,,,,,*,*,*
microsoft.com,13.107.253.40,4,100.41.132.140,N/A,,,,,,,9.25,12.19,6.99
bluelive77.com,172.67.176.24,3,71.172.72.1,N/A,,,,,,,5.23,6.29,7.31
fbcdn.net,57.144.180.1,3,71.172.72.1,N/A,,,,,,,4.94,4.51,4.61
gstatic.com,142.250.65.227,4,100.41.132.142,N/A,,,,,,,11.5,7.89,14.05
mail.ru,217.69.139.200,4,100.41.132.142,N/A,,,,,,,8.02,7.42,7.29
skokka.in,104.18.32.128,2,*,,,,,,,,*,*,*
wikipedia.org,208.80.154.224,3,71.172.72.1,N/A,,,,,,,4.18,3.47,4.0
apple.com,17.253.144.10,4,100.41.132.140,N/A,,,,,,,5.66,8.66,10.68
list.ly,99.83.220.108,2,*,,,,,,,,*,*,*
googletagmanager.com,142.251.40.232,3,71.172.72.1,N/A,,,,,,,4.21,3.35,4.18
workupjob.com,172.67.10.57,3,71.172.72.1,N/A,,,,,,,4.78,3.72,3.83
skyeng.ru,178.248.234.206,3,71.172.72.1,N/A,,,,,,,4.36,4.44,4.21
amazon.com,52.94.236.248,3,71.172.72.1,N/A,,,,,,,5.01,6.94,5.01
canalturf.com,185.103.143.176,2,*,,,,,,,,*,*,*
azure.com,20.231.239.246,4,100.41.132.140,N/A,,,,,,,5.41,9.22,8.07
toonkor.wiki,104.18.29.147,2,*,,,,,,,,*,*,*
nationaltrust.org.uk,52.210.108.135,2,*,,,,,,,,*,*,*
tamilscandals2.com,104.21.32.1,2,192.168.1.1,N/A,,,,,,,*,2.37,*
googlevideo.com,142.250.80.68,4,100.41.132.140,N/A,,,,,,,9.37,13.5,9.39
linkedin.com,150.171.22.12,4,100.41.132.142,N/A,,,,,,,10.76,3.65,11.23
fbcdn.net,57.144.180.1,4,100.41.132.142,N/A,,,,,,,7.14,8.27,8.11
ungrounded.net,15.235.14.84,2,192.168.1.1,N/A,,,,,,,*,*,2.39
messefrankfurt.com,193.109.4.37,3,71.172.72.1,N/A,,,,,,,7.26,3.85,3.0
worldbyte.net,46.243.3.93,4,100.41.132.142,N/A,,,,,,,8.88,3.5,7.14
postal.pt,104.21.73.24,2,*,,,,,,,,*,*,*
office.com,13.107.6.156,4,100.41.132.140,N/A,,,,,,,5.92,9.99,6.33
avanture.net,104.26.4.86,2,*,,,,,,,,*,*,*
tapatalk.com,172.66.132.34,3,71.172.72.1,N/A,,,,,,,7.65,6.07,4.41
bluelive77.com,172.67.176.24,4,100.41.132.140,N/A,,,,,,,8.93,4.82,7.67
skokka.in,104.18.32.128,3,71.172.72.1,N/A,,,,,,,36.47,6.28,3.31
list.ly,99.83.220.108,3,71.172.72.1,N/A,,,,,,,4.11,3.15,3.88
babo88.com,104.21.71.253,2,*,,,,,,,,*,*,*
v6velugu.com,51.158.30.124,3,71.172.72.1,N/A,,,,,,,4.88,8.5,2.34
wikipedia.org,208.80.154.224,4,100.41.132.140,N/A,,,,,,,6.21,6.0,7.6
skyeng.ru,178.248.234.206,4,100.41.132.142,N/A,,,,,,,4.17,10.53,11.3
googletagmanager.com,142.251.40.232,4,100.41.132.142,N/A,,,,,,,5.96,7.92,7.53
elephantbet.co.ao,185.162.229.2,3,71.172.72.1,N/A,,,,,,,31.12,4.55,4.18
tamilkamaveri.com,172.67.69.189,2,*,,,,,,,,*,*,*
amazon.com,52.94.236.248,4,100.41.132.140,N/A,,,,,,,10.62,13.0,9.58
rogmovies.lol,104.21.48.1,2,*,,,,,,,,*,*,*
1tamilmv.fi,172.67.147.94,2,192.168.1.1,N/A,,,,,,,2.42,*,*
nationaltrust.org.uk,52.210.108.135,3,71.172.72.1,N/A,,,,,,,4.46,4.79,3.28
tamilscandals2.com,104.21.32.1,3,71.172.72.1,N/A,,,,,,,2.77,3.51,5.03
songkick.com,34.54.35.202,2,192.168.1.1,N/A,,,,,,,*,*,1.87
canalturf.com,185.103.143.176,3,71.172.72.1,N/A,,,,,,,4.47,5.51,2.39
workupjob.com,172.67.10.57,4,100.41.132.140,N/A,,,,,,,8.68,11.37,8.91
tgstat.ru,104.22.51.124,2,*,,,,,,,,*,*,*
postal.pt,104.21.73.24,3,71.172.72.1,N/A,,,,,,,3.19,5.12,3.5
krakow.pl,149.156.2.195,2,192.168.1.1,N/A,,,,,,,*,3.16,*
apple.com,17.253.144.10,5,140.222.8.11,N/A,,,,,,,5.71,5.59,5.16
skokka.in,104.18.32.128,4,100.41.132.142,N/A,,,,,,,8.27,11.83,7.68
toonkor.wiki,104.18.29.147,3,71.172.72.1,N/A,,,,,,,3.24,4.37,23.11
ungrounded.net,15.235.14.84,3,71.172.72.1,N/A,,,,,,,2.66,6.22,3.83
tapatalk.com,172.66.132.34,4,100.41.132.142,N/A,,,,,,,11.45,3.69,9.07
avanture.net,104.26.4.86,3,71.172.72.1,N/A,,,,,,,22.29,9.11,4.71
retargetly.com,172.67.8.244,2,192.168.1.1,N/A,,,,,,,*,*,2.52
v6velugu.com,51.158.30.124,4,100.41.132.142,N/A,,,,,,,5.64,7.21,14.55
googleapis.com,142.250.80.4,5,*,,,,,,,,*,*,*
google.com,142.250.81.238,5,*,,,,,,,,*,*,*
rogmovies.lol,104.21.48.1,3,71.172.72.1,N/A,,,,,,,3.72,4.62,19.57
syracuse.com,99.83.138.34,2,*,,,,,,,,*,*,*
list.ly,99.83.220.108,4,100.41.132.140,N/A,,,,,,,9.46,14.15,6.36
tamilscandals2.com,104.21.32.1,4,100.41.132.140,N/A,,,,,,,5.91,8.17,13.02
nationaltrust.org.uk,52.210.108.135,4,100.41.132.142,N/A,,,,,,,6.94,4.44,6.64
messefrankfurt.com,193.109.4.37,4,100.41.132.140,N/A,,,,,,,6.48,9.0,7.98
elephantbet.co.ao,185.162.229.2,4,100.41.132.142,N/A,,,,,,,4.88,6.72,9.12
songkick.com,34.54.35.202,3,71.172.72.1,N/A,,,,,,,4.89,11.84,5.55
1tamilmv.fi,172.67.147.94,3,71.172.72.1,N/A,,,,,,,5.23,4.22,10.48
toonkor.wiki,104.18.29.147,4,100.41.132.140,N/A,,,,,,,10.79,13.45,10.22
babo88.com,104.21.71.253,3,71.172.72.1,N/A,,,,,,,4.0,7.77,7.17
tgstat.ru,104.22.51.124,3,71.172.72.1,N/A,,,,,,,6.93,11.73,3.59
canalturf.com,185.103.143.176,4,100.41.132.142,N/A,,,,,,,6.38,4.34,7.16
ungrounded.net,15.235.14.84,4,100.41.132.142,N/A,,,,,,,6.49,10.78,11.19
retargetly.com,172.67.8.244,3,71.172.72.1,N/A,,,,,,,16.69,5.19,5.17
krakow.pl,149.156.2.195,3,71.172.72.1,N/A,,,,,,,4.05,17.18,3.99
avanture.net,104.26.4.86,4,100.41.132.140,N/A,,,,,,,6.53,13.1,12.25
postal.pt,104.21.73.24,4,100.41.132.142,N/A,,,,,,,4.14,18.94,20.49
tamilkamaveri.com,172.67.69.189,3,71.172.72.1,N/A,,,,,,,4.8,4.39,7.82
songkick.com,34.54.35.202,4,100.41.132.142,N/A,,,,,,,8.41,5.36,4.9
live.com,204.79.197.212,5,*,,,,,,,,*,*,*
tgstat.ru,104.22.51.124,4,100.41.132.140,N/A,,,,,,,8.3,6.14,7.56
rogmovies.lol,104.21.48.1,4,100.41.132.142,N/A,,,,,,,11.16,7.68,7.44
babo88.com,104.21.71.253,4,100.41.132.140,N/A,,,,,,,9.0,7.16,6.86
amazonaws.com,72.21.206.80,5,*,,,,,,,,*,*,*
krakow.pl,149.156.2.195,4,100.41.132.140,N/A,,,,,,,7.17,6.2,5.49
apple.com,17.253.144.10,6,152.179.200.198,N/A,,,,,,,10.12,8.85,5.88
retargetly.com,172.67.8.244,4,100.41.132.140,N/A,,,,,,,14.17,13.35,8.41
twitter.com,172.66.0.227,5,*,,,,,,,,*,*,*
workers.dev,104.18.13.15,5,*,,,,,,,,*,*,*
1tamilmv.fi,172.67.147.94,4,100.41.132.142,N/A,,,,,,,5.27,6.06,7.62
facebook.com,31.13.71.36,5,*,,,,,,,,*,*,*
google.com,142.250.81.238,6,209.85.149.208,N/A,,,,,,,5.15,6.17,6.72
syracuse.com,99.83.138.34,3,71.172.72.1,N/A,,,,,,,6.01,5.11,3.19
dzen.ru,5.61.23.39,5,*,,,,,,,,*,*,*
instagram.com,157.240.241.174,5,*,,,,,,,,*,*,*
messefrankfurt.com,193.109.4.37,5,140.222.238.91,N/A,,,,,,,6.79,6.77,6.16
mir-chitki.ru,195.161.62.201,5,*,,,,,,,,*,*,*
tamilkamaveri.com,172.67.69.189,4,100.41.132.140,N/A,,,,,,,7.62,8.2,6.36
apple.com,17.253.144.10,7,17.253.144.10,N/A,,,,,,,4.48,7.14,4.58
youtube.com,142.250.80.110,5,*,,,,,,,,*,*,*
microsoft.com,13.107.253.40,5,*,,,,,,,,*,*,*
office.com,13.107.6.156,5,140.222.19.189,N/A,,,,,,,*,6.09,*
cloudflare.com,104.16.132.229,5,*,,,,,,,,*,*,*
facebook.com,31.13.71.36,6,152.179.68.58,N/A,,,,,,,7.28,10.26,9.21
syracuse.com,99.83.138.34,4,100.41.132.140,N/A,,,,,,,8.18,9.51,10.17
gstatic.com,142.250.65.227,5,*,,,,,,,,*,*,*
mail.ru,217.69.139.200,5,*,,,,,,,,*,*,*
azure.com,20.231.239.246,5,*,,,,,,,,*,*,*
googlevideo.com,142.250.80.68,5,*,,,,,,,,*,*,*
instagram.com,157.240.241.174,6,152.179.68.58,N/A,,,,,,,15.84,7.99,11.93
egramswaraj.gov.in,164.100.128.240,1,172.20.160.1,N/A,,,,,,,0.59,0.91,0.56
linkedin.com,150.171.22.12,5,*,,,,,,,,*,*,*
live.com,204.79.197.212,6,63.65.79.218,N/A,,,,,,,*,11.67,12.78
fbcdn.net,57.144.180.1,5,*,,,,,,,,*,*,*
youtube.com,142.250.80.110,6,63.125.121.2,N/A,,,,,,,5.39,5.56,6.35
messefrankfurt.com,193.109.4.37,6,146.188.4.198,N/A,,,,,,,6.66,6.74,8.16
egramswaraj.gov.in,164.100.128.240,2,192.168.1.1,N/A,,,,,,,7.69,3.86,3.07
amazon.com,52.94.236.248,5,*,,,,,,,,*,*,*
bluelive77.com,172.67.176.24,5,*,,,,,,,,*,*,*
googletagmanager.com,142.251.40.232,5,*,,,,,,,,*,*,*
wikipedia.org,208.80.154.224,5,*,,,,,,,,*,*,*
facebook.com,31.13.71.36,7,129.134.49.156,N/A,,,,,,,5.69,16.66,5.56
gstatic.com,142.250.65.227,6,204.148.5.98,N/A,,,,,,,7.07,4.12,7.85
workupjob.com,172.67.10.57,5,*,,,,,,,,*,*,*
skokka.in,104.18.32.128,5,*,,,,,,,,*,*,*
fbcdn.net,57.144.180.1,6,152.179.68.58,N/A,,,,,,,7.62,7.0,16.26
instagram.com,157.240.241.174,7,129.134.47.22,N/A,,,,,,,6.3,9.09,7.12
worldbyte.net,46.243.3.93,5,*,,,,,,,,*,*,*
googlevideo.com,142.250.80.68,6,209.85.149.208,N/A,,,,,,,5.83,6.51,6.39
egramswaraj.gov.in,164.100.128.240,3,71.172.72.1,N/A,,,,,,,7.45,5.7,5.41
tapatalk.com,172.66.132.34,5,*,,,,,,,,*,*,*
googleapis.com,142.250.80.4,6,*,,,,,,,,*,*,*
tamilscandals2.com,104.21.32.1,5,*,,,,,,,,*,*,*
toonkor.wiki,104.18.29.147,5,*,,,,,,,,*,*,*
skyeng.ru,178.248.234.206,5,*,,,,,,,,*,*,*
messefrankfurt.com,193.109.4.37,7,140.222.232.213,N/A,,,,,,,92.19,92.7,91.16
facebook.com,31.13.71.36,8,129.134.62.110,N/A,,,,,,,6.79,8.7,5.89
instagram.com,157.240.241.174,8,129.134.62.110,N/A,,,,,,,6.73,6.35,6.59
elephantbet.co.ao,185.162.229.2,5,*,,,,,,,,*,*,*
list.ly,99.83.220.108,5,*,,,,,,,,*,*,*
canalturf.com,185.103.143.176,5,*,,,,,,,,*,*,*
v6velugu.com,51.158.30.124,5,*,,,,,,,,*,*,*
postal.pt,104.21.73.24,5,*,,,,,,,,*,*,*
workers.dev,104.18.13.15,6,152.193.5.194,N/A,,,,,,,8.81,*,*
nationaltrust.org.uk,52.210.108.135,5,*,,,,,,,,*,*,*
fbcdn.net,57.144.180.1,7,129.134.48.212,N/A,,,,,,,6.49,8.91,7.51
egramswaraj.gov.in,164.100.128.240,4,100.41.132.140,N/A,,,,,,,5.95,6.69,6.68
songkick.com,34.54.35.202,5,*,,,,,,,,*,*,*
ungrounded.net,15.235.14.84,5,*,,,,,,,,*,*,*
gstatic.com,142.250.65.227,7,192.178.107.253,N/A,,,,,,,7.63,9.38,36.55
microsoft.com,13.107.253.40,6,63.65.79.218,N/A,,,,,,,*,6.88,*
facebook.com,31.13.71.36,9,129.134.89.118,N/A,,,,,,,7.18,10.47,9.45
messefrankfurt.com,193.109.4.37,8,139.4.79.22,N/A,,,,,,,92.81,92.78,91.59
tgstat.ru,104.22.51.124,5,*,,,,,,,,*,*,*
avanture.net,104.26.4.86,5,*,,,,,,,,*,*,*
rogmovies.lol,104.21.48.1,5,*,,,,,,,,*,*,*
babo88.com,104.21.71.253,5,*,,,,,,,,*,*,*
instagram.com,157.240.241.174,9,129.134.84.10,N/A,,,,,,,9.97,10.19,12.18
office.com,13.107.6.156,6,63.65.79.218,N/A,,,,,,,*,6.75,*
google.com,142.250.81.238,7,*,,,,,,,,*,*,*
workers.dev,104.18.13.15,7,162.158.61.109,N/A,,,,,,,9.11,6.99,8.54
retargetly.com,172.67.8.244,5,*,,,,,,,,*,*,*
amazonaws.com,72.21.206.80,6,*,,,,,,,,*,*,*
songkick.com,34.54.35.202,6,209.85.149.208,N/A,,,,,,,5.95,6.47,6.14
linkedin.com,150.171.22.12,6,63.65.79.218,N/A,,,,,,,*,*,7.68
gstatic.com,142.250.65.227,8,142.251.60.225,N/A,,,,,,,7.9,7.54,6.57
krakow.pl,149.156.2.195,5,*,,,,,,,,*,*,*
1tamilmv.fi,172.67.147.94,5,*,,,,,,,,*,*,*
twitter.com,172.66.0.227,6,*,,,,,,,,*,*,*
tamilkamaveri.com,172.67.69.189,5,*,,,,,,,,*,*,*
fbcdn.net,57.144.180.1,8,129.134.62.111,N/A,,,,,,,9.96,7.82,9.2
mir-chitki.ru,195.161.62.201,6,*,,,,,,,,*,*,*
dzen.ru,5.61.23.39,6,*,,,,,,,,*,*,*
mail.ru,217.69.139.200,6,*,,,,,,,,*,*,*
skokka.in,104.18.32.128,6,152.193.5.194,N/A,,,,,,,*,*,12.29
bluelive77.com,172.67.176.24,6,152.193.5.194,N/A,,,,,,,*,39.86,*
syracuse.com,99.83.138.34,5,*,,,,,,,,*,*,*
songkick.com,34.54.35.202,7,142.251.249.199,N/A,,,,,,,6.66,8.72,6.97
cloudflare.com,104.16.132.229,6,*,,,,,,,,*,*,*
workers.dev,104.18.13.15,8,104.18.13.15,N/A,,,,,,,5.53,14.05,6.73
google.com,142.250.81.238,8,142.250.224.244,N/A,,,,,,,6.31,7.62,6.99
mir-chitki.ru,195.161.62.201,7,154.54.83.201,N/A,,,,,,,6.76,108.49,7.59
azure.com,20.231.239.246,6,*,,,,,,,,*,*,*
fbcdn.net,57.144.180.1,9,163.77.193.190,N/A,,,,,,,10.79,8.84,15.22
toonkor.wiki,104.18.29.147,6,152.193.5.194,N/A,,,,,,,*,14.37,*
twitter.com,172.66.0.227,7,162.158.61.221,N/A,,,,,,,7.06,39.8,5.23
microsoft.com,13.107.253.40,7,104.44.230.56,N/A,,,,,,,9.36,*,10.57
live.com,204.79.197.212,7,*,,,,,,,,*,*,*
youtube.com,142.250.80.110,7,*,,,,,,,,*,*,*
skokka.in,104.18.32.128,7,162.158.61.221,N/A,,,,,,,8.53,33.3,17.04
googletagmanager.com,142.251.40.232,6,*,,,,,,,,*,*,*
gstatic.com,142.250.65.227,9,142.250.65.227,N/A,,,,,,,6.6,5.41,7.57
office.com,13.107.6.156,7,104.44.230.56,N/A,,,,,,,6.17,8.2,*
bluelive77.com,172.67.176.24,7,162.158.61.129,N/A,,,,,,,6.58,4.09,6.55
skyeng.ru,178.248.234.206,6,4.68.73.65,N/A,,,,,,,*,6.03,*
workupjob.com,172.67.10.57,6,*,,,,,,,,*,*,*
wikipedia.org,208.80.154.224,6,*,,,,,,,,*,*,*
googlevideo.com,142.250.80.68,7,*,,,,,,,,*,*,*
amazon.com,52.94.236.248,6,*,,,,,,,,*,*,*
worldbyte.net,46.243.3.93,6,*,,,,,,,,*,*,*
songkick.com,34.54.35.202,8,216.239.40.167,N/A,,,,,,,5.77,7.65,7.61
cloudflare.com,104.16.132.229,7,162.158.61.117,N/A,,,,,,,29.86,5.49,14.52
toonkor.wiki,104.18.29.147,7,162.158.61.125,N/A,,,,,,,13.54,9.75,6.02
googleapis.com,142.250.80.4,7,*,,,,,,,,*,*,*
youtube.com,142.250.80.110,8,216.239.62.24,N/A,,,,,,,6.11,7.54,6.39
tamilscandals2.com,104.21.32.1,6,*,,,,,,,,*,*,*
twitter.com,172.66.0.227,8,172.66.0.227,N/A,,,,,,,7.38,7.94,9.02
tapatalk.com,172.66.132.34,6,*,,,,,,,,*,*,*
list.ly,99.83.220.108,6,*,,,,,,,,*,*,*
rogmovies.lol,104.21.48.1,6,152.193.5.194,N/A,,,,,,,*,11.4,*
elephantbet.co.ao,185.162.229.2,6,*,,,,,,,,*,*,*
mir-chitki.ru,195.161.62.201,8,154.54.27.170,N/A,,,,,,,78.67,78.84,83.76
workupjob.com,172.67.10.57,7,162.158.61.105,N/A,,,,,,,7.25,4.84,18.08
google.com,142.250.81.238,9,142.251.60.233,N/A,,,,,,,17.23,6.6,6.63
office.com,13.107.6.156,8,104.44.231.63,N/A,,,,,,,6.5,5.48,9.31
tamilscandals2.com,104.21.32.1,7,162.158.61.125,N/A,,,,,,,10.04,5.77,6.88
babo88.com,104.21.71.253,6,152.193.5.194,N/A,,,,,,,*,*,8.83
skokka.in,104.18.32.128,8,104.18.32.128,N/A,,,,,,,6.72,5.28,6.0
canalturf.com,185.103.143.176,6,*,,,,,,,,*,*,*
youtube.com,142.250.80.110,9,192.178.108.18,N/A,,,,,,,8.47,8.45,7.41
songkick.com,34.54.35.202,9,34.54.35.202,N/A,,,,,,,7.88,11.83,6.77
egramswaraj.gov.in,164.100.128.240,5,*,,,,,,,,*,*,*
bluelive77.com,172.67.176.24,8,172.67.176.24,N/A,,,,,,,6.38,5.58,6.29
elephantbet.co.ao,185.162.229.2,7,162.158.61.221,N/A,,,,,,,12.39,7.28,10.63
nationaltrust.org.uk,52.210.108.135,6,80.239.192.36,N/A,,,,,,,*,*,302.06
toonkor.wiki,104.18.29.147,8,104.18.29.147,N/A,,,,,,,6.9,7.17,6.24
facebook.com,31.13.71.36,10,*,,,,,,,,*,*,*
wikipedia.org,208.80.154.224,7,62.115.135.160,N/A,,,,,,,7.13,8.19,8.41
postal.pt,104.21.73.24,6,*,,,,,,,,*,*,*
cloudflare.com,104.16.132.229,8,104.16.132.229,N/A,,,,,,,14.94,5.62,4.51
v6velugu.com,51.158.30.124,6,*,,,,,,,,*,*,*
googleapis.com,142.250.80.4,8,216.239.43.154,N/A,,,,,,,7.82,6.82,7.88
tapatalk.com,172.66.132.34,7,162.158.61.113,N/A,,,,,,,6.32,6.64,7.85
rogmovies.lol,104.21.48.1,7,162.158.61.125,N/A,,,,,,,8.63,7.21,7.93
googlevideo.com,142.250.80.68,8,142.250.46.194,N/A,,,,,,,7.23,6.91,7.03
canalturf.com,185.103.143.176,7,154.54.83.201,N/A,,,,,,,9.1,11.01,7.1
messefrankfurt.com,193.109.4.37,9,*,,,,,,,,*,*,*
avanture.net,104.26.4.86,6,*,,,,,,,,*,*,*
tamilscandals2.com,104.21.32.1,8,104.21.32.1,N/A,,,,,,,5.34,6.34,5.59
ungrounded.net,15.235.14.84,6,*,,,,,,,,*,*,*
google.com,142.250.81.238,10,142.250.81.238,N/A,,,,,,,4.47,4.62,5.67
microsoft.com,13.107.253.40,8,104.44.33.209,N/A,,,,,,,32.29,*,29.86
babo88.com,104.21.71.253,7,162.158.61.117,N/A,,,,,,,5.5,8.39,6.24
tgstat.ru,104.22.51.124,6,*,,,,,,,,*,*,*
instagram.com,157.240.241.174,10,*,,,,,,,,*,*,*
mir-chitki.ru,195.161.62.201,9,154.54.72.118,N/A,,,,,,,92.37,93.9,91.83
googleapis.com,142.250.80.4,9,192.178.108.18,N/A,,,,,,,7.75,7.72,8.16
retargetly.com,172.67.8.244,6,152.193.5.194,N/A,,,,,,,*,11.6,*
egramswaraj.gov.in,164.100.128.240,6,204.148.183.186,N/A,,,,,,,7.33,6.96,6.93
elephantbet.co.ao,185.162.229.2,8,185.162.229.2,N/A,,,,,,,6.75,5.92,6.71
azure.com,20.231.239.246,7,104.44.230.56,N/A,,,,,,,*,9.84,*
linkedin.com,150.171.22.12,7,*,,,,,,,,*,*,*
amazonaws.com,72.21.206.80,7,*,,,,,,,,*,*,*
rogmovies.lol,104.21.48.1,8,104.21.48.1,N/A,,,,,,,7.83,8.0,7.14
postal.pt,104.21.73.24,7,162.158.61.101,N/A,,,,,,,13.56,7.39,9.58
microsoft.com,13.107.253.40,9,104.44.31.89,N/A,,,,,,,32.54,32.24,32.86
wikipedia.org,208.80.154.224,8,62.115.139.35,N/A,,,,,,,13.26,12.99,13.54
tapatalk.com,172.66.132.34,8,172.66.132.34,N/A,,,,,,,5.01,7.86,8.72
avanture.net,104.26.4.86,7,162.158.61.129,N/A,,,,,,,6.1,5.74,6.02
1tamilmv.fi,172.67.147.94,6,*,,,,,,,,*,*,*
tgstat.ru,104.22.51.124,7,162.158.61.129,N/A,,,,,,,5.38,7.69,5.81
tamilkamaveri.com,172.67.69.189,6,*,,,,,,,,*,*,*
krakow.pl,149.156.2.195,6,*,,,,,,,,*,*,*
dzen.ru,5.61.23.39,7,*,,,,,,,,*,*,*
canalturf.com,185.103.143.176,8,154.54.27.170,N/A,,,,,,,80.63,82.98,79.98
mail.ru,217.69.139.200,7,*,,,,,,,,*,*,*
googlevideo.com,142.250.80.68,9,142.251.65.101,N/A,,,,,,,4.68,4.83,7.84
workupjob.com,172.67.10.57,8,172.67.10.57,N/A,,,,,,,5.95,7.77,5.23
retargetly.com,172.67.8.244,7,162.158.61.101,N/A,,,,,,,14.11,16.93,6.5
babo88.com,104.21.71.253,8,104.21.71.253,N/A,,,,,,,9.32,7.56,4.39
egramswaraj.gov.in,164.100.128.240,7,216.6.57.5,N/A,,,,,,,5.94,7.54,5.42
1tamilmv.fi,172.67.147.94,7,162.158.61.125,N/A,,,,,,,5.83,9.0,5.84
mir-chitki.ru,195.161.62.201,10,154.54.72.125,N/A,,,,,,,92.23,91.95,91.73
worldbyte.net,46.243.3.93,7,62.115.135.160,N/A,,,,,,,*,9.74,*
wikipedia.org,208.80.154.224,9,62.115.123.123,N/A,,,,,,,12.09,12.57,11.64
avanture.net,104.26.4.86,8,104.26.4.86,N/A,,,,,,,5.8,6.61,6.61
googlevideo.com,142.250.80.68,10,142.250.80.68,N/A,,,,,,,6.04,4.93,4.59
live.com,204.79.197.212,8,*,,,,,,,,*,*,*
tamilkamaveri.com,172.67.69.189,7,162.158.61.117,N/A,,,,,,,5.05,17.79,10.55
fbcdn.net,57.144.180.1,10,*,,,,,,,,*,*,*
postal.pt,104.21.73.24,8,104.21.73.24,N/A,,,,,,,7.43,5.73,6.74
canalturf.com,185.103.143.176,9,154.54.61.22,N/A,,,,,,,85.84,81.2,81.13
tgstat.ru,104.22.51.124,8,104.22.51.124,N/A,,,,,,,5.96,5.12,9.47
dzen.ru,5.61.23.39,8,80.91.254.90,N/A,,,,,,,86.25,82.53,86.43
krakow.pl,149.156.2.195,7,171.75.9.134,N/A,,,,,,,95.81,94.1,94.88
retargetly.com,172.67.8.244,8,172.67.8.244,N/A,,,,,,,5.35,6.44,5.76
ungrounded.net,15.235.14.84,7,62.115.135.160,N/A,,,,,,,7.15,8.97,*
syracuse.com,99.83.138.34,6,*,,,,,,,,*,*,*
mail.ru,217.69.139.200,8,80.91.254.90,N/A,,,,,,,85.22,83.95,82.71
tamilkamaveri.com,172.67.69.189,8,172.67.69.189,N/A,,,,,,,7.82,5.32,6.35
azure.com,20.231.239.246,8,104.44.33.209,N/A,,,,,,,32.1,*,31.97
1tamilmv.fi,172.67.147.94,8,172.67.147.94,N/A,,,,,,,6.24,6.76,7.01
googletagmanager.com,142.251.40.232,7,*,,,,,,,,*,*,*
worldbyte.net,46.243.3.93,8,62.115.139.245,N/A,,,,,,,76.14,76.74,78.17
egramswaraj.gov.in,164.100.128.240,8,209.58.124.6,N/A,,,,,,,194.51,195.23,196.92
amazon.com,52.94.236.248,7,*,,,,,,,,*,*,*
canalturf.com,185.103.143.176,10,154.54.61.34,N/A,,,,,,,85.54,84.2,85.58
skyeng.ru,178.248.234.206,7,*,,,,,,,,*,*,*
dzen.ru,5.61.23.39,9,62.115.139.172,N/A,,,,,,,89.86,90.67,90.85
v6velugu.com,51.158.30.124,7,62.115.135.160,N/A,,,,,,,9.82,*,*
ungrounded.net,15.235.14.84,8,62.115.136.45,N/A,,,,,,,8.83,7.04,9.6
krakow.pl,149.156.2.195,8,212.162.10.82,N/A,,,,,,,99.7,101.01,98.66
mail.ru,217.69.139.200,9,62.115.139.172,N/A,,,,,,,92.64,90.26,97.01
azure.com,20.231.239.246,9,104.44.31.89,N/A,,,,,,,34.12,34.04,33.6
googletagmanager.com,142.251.40.232,8,142.250.224.246,N/A,,,,,,,10.14,7.16,7.71
list.ly,99.83.220.108,7,*,,,,,,,,*,*,*
skyeng.ru,178.248.234.206,8,4.14.99.138,N/A,,,,,,,16.18,12.65,11.75
ungrounded.net,15.235.14.84,9,178.32.135.212,N/A,,,,,,,7.21,8.26,10.24
v6velugu.com,51.158.30.124,8,62.115.139.245,N/A,,,,,,,77.4,77.34,75.4
worldbyte.net,46.243.3.93,9,62.115.139.144,N/A,,,,,,,107.03,106.55,106.13
mir-chitki.ru,195.161.62.201,11,149.14.210.146,N/A,,,,,,,93.66,*,90.18
youtube.com,142.250.80.110,10,*,,,,,,,,*,*,*
office.com,13.107.6.156,9,*,,,,,,,,*,*,*
dzen.ru,5.61.23.39,10,62.115.141.23,N/A,,,,,,,110.46,108.75,108.63
canalturf.com,185.103.143.176,11,204.68.252.221,N/A,,,,,,,84.8,80.35,83.48
nationaltrust.org.uk,52.210.108.135,7,*,,,,,,,,*,*,*
googletagmanager.com,142.251.40.232,9,192.178.107.42,N/A,,,,,,,7.94,7.15,10.25
azure.com,20.231.239.246,10,51.10.18.13,N/A,,,,,,,51.57,74.43,33.7
mail.ru,217.69.139.200,10,62.115.141.23,N/A,,,,,,,111.23,108.41,109.52
krakow.pl,149.156.2.195,9,212.191.225.13,N/A,,,,,,,108.46,107.32,106.2
facebook.com,31.13.71.36,11,*,,,,,,,,*,*,*
v6velugu.com,51.158.30.124,9,62.115.135.25,N/A,,,,,,,92.34,92.42,90.9
youtube.com,142.250.80.110,11,108.170.227.149,N/A,,,,,,,8.95,6.97,6.5
messefrankfurt.com,193.109.4.37,10,*,,,,,,,,*,*,*
worldbyte.net,46.243.3.93,10,62.115.120.227,N/A,,,,,,,103.7,104.84,106.25
nationaltrust.org.uk,52.210.108.135,8,62.115.139.247,N/A,,,,,,,74.87,79.99,75.65
youtube.com,142.250.80.110,12,192.178.106.157,N/A,,,,,,,13.56,7.46,7.06
instagram.com,157.240.241.174,11,*,,,,,,,,*,*,*
linkedin.com,150.171.22.12,8,*,,,,,,,,*,*,*
googleapis.com,142.250.80.4,10,*,,,,,,,,*,*,*
worldbyte.net,46.243.3.93,11,62.115.192.181,N/A,,,,,,,92.14,91.81,90.08
amazonaws.com,72.21.206.80,8,*,,,,,,,,*,*,*
youtube.com,142.250.80.110,13,142.251.65.113,N/A,,,,,,,7.85,9.2,12.75
googleapis.com,142.250.80.4,11,108.170.227.149,N/A,,,,,,,8.74,8.63,8.61
microsoft.com,13.107.253.40,10,*,,,,,,,,*,*,*
youtube.com,142.250.80.110,14,142.250.80.110,N/A,,,,,,,7.37,5.66,10.0
googleapis.com,142.250.80.4,12,192.178.106.157,N/A,,,,,,,5.9,8.06,7.4
worldbyte.net,46.243.3.93,12,185.15.209.29,N/A,,,,,,,91.99,86.25,86.35
googleapis.com,142.250.80.4,13,142.250.235.237,N/A,,,,,,,13.22,8.71,10.03
live.com,204.79.197.212,9,*,,,,,,,,*,*,*
googleapis.com,142.250.80.4,14,142.250.80.4,N/A,,,,,,,8.25,6.4,7.71
wikipedia.org,208.80.154.224,10,*,,,,,,,,*,*,*
fbcdn.net,57.144.180.1,11,*,,,,,,,,*,*,*
syracuse.com,99.83.138.34,7,*,,,,,,,,*,*,*
amazon.com,52.94.236.248,8,*,,,,,,,,*,*,*
egramswaraj.gov.in,164.100.128.240,9,*,,,,,,,,*,*,*
worldbyte.net,46.243.3.93,13,46.243.3.93,N/A,,,,,,,85.02,85.75,*
worldbyte.net,46.243.3.93,14,46.243.3.93,N/A,,,,,,,86.33,84.68,85.64
list.ly,99.83.220.108,8,*,,,,,,,,*,*,*
ungrounded.net,15.235.14.84,10,*,,,,,,,,*,*,*
skyeng.ru,178.248.234.206,9,*,,,,,,,,*,*,*
office.com,13.107.6.156,10,*,,,,,,,,*,*,*
mir-chitki.ru,195.161.62.201,12,*,,,,,,,,*,*,*
canalturf.com,185.103.143.176,12,*,,,,,,,,*,*,*
googletagmanager.com,142.251.40.232,10,*,,,,,,,,*,*,*
dzen.ru,5.61.23.39,11,*,,,,,,,,*,*,*
mail.ru,217.69.139.200,11,*,,,,,,,,*,*,*
azure.com,20.231.239.246,11,*,,,,,,,,*,*,*
krakow.pl,149.156.2.195,10,*,,,,,,,,*,*,*
facebook.com,31.13.71.36,12,*,,,,,,,,*,*,*
googletagmanager.com,142.251.40.232,11,209.85.255.37,N/A,,,,,,,10.3,7.32,7.21
v6velugu.com,51.158.30.124,10,*,,,,,,,,*,*,*
messefrankfurt.com,193.109.4.37,11,*,,,,,,,,*,*,*
mir-chitki.ru,195.161.62.201,13,89.191.239.165,N/A,,,,,,,143.6,117.94,116.27
azure.com,20.231.239.246,12,51.10.4.50,N/A,,,,,,,29.6,56.44,59.21
nationaltrust.org.uk,52.210.108.135,9,*,,,,,,,,*,*,*
instagram.com,157.240.241.174,12,*,,,,,,,,*,*,*
googletagmanager.com,142.251.40.232,12,192.178.106.21,N/A,,,,,,,7.73,7.8,6.13
linkedin.com,150.171.22.12,9,*,,,,,,,,*,*,*
v6velugu.com,51.158.30.124,11,213.248.90.71,N/A,,,,,,,85.09,85.44,84.99
amazonaws.com,72.21.206.80,9,*,,,,,,,,*,*,*
microsoft.com,13.107.253.40,11,*,,,,,,,,*,*,*
mir-chitki.ru,195.161.62.201,14,217.106.6.166,N/A,,,,,,,117.43,115.74,115.12
azure.com,20.231.239.246,13,51.10.22.138,N/A,,,,,,,36.8,58.7,31.18
nationaltrust.org.uk,52.210.108.135,10,80.239.195.91,N/A,,,,,,,84.97,86.2,96.15
googletagmanager.com,142.251.40.232,13,108.170.236.91,N/A,,,,,,,7.0,6.22,6.88
v6velugu.com,51.158.30.124,12,51.158.8.65,N/A,,,,,,,85.06,85.5,87.5
microsoft.com,13.107.253.40,12,51.10.4.50,N/A,,,,,,,34.09,30.56,50.22
googletagmanager.com,142.251.40.232,14,142.251.40.232,N/A,,,,,,,8.47,6.97,5.82
mir-chitki.ru,195.161.62.201,15,217.106.6.166,N/A,,,,,,,117.6,128.95,119.49
live.com,204.79.197.212,10,*,,,,,,,,*,*,*
microsoft.com,13.107.253.40,13,51.10.22.138,N/A,,,,,,,48.14,34.09,33.06
fbcdn.net,57.144.180.1,12,*,,,,,,,,*,*,*
wikipedia.org,208.80.154.224,11,*,,,,,,,,*,*,*
v6velugu.com,51.158.30.124,13,51.158.1.73,N/A,,,,,,,91.2,90.14,90.19
mir-chitki.ru,195.161.62.201,16,195.161.62.201,N/A,,,,,,,117.21,118.65,120.36
syracuse.com,99.83.138.34,8,*,,,,,,,,*,*,*
amazon.com,52.94.236.248,9,*,,,,,,,,*,*,*
egramswaraj.gov.in,164.100.128.240,10,*,,,,,,,,*,*,*
list.ly,99.83.220.108,9,*,,,,,,,,*,*,*
ungrounded.net,15.235.14.84,11,*,,,,,,,,*,*,*
skyeng.ru,178.248.234.206,10,*,,,,,,,,*,*,*
office.com,13.107.6.156,11,*,,,,,,,,*,*,*
mail.ru,217.69.139.200,12,*,,,,,,,,*,*,*
dzen.ru,5.61.23.39,12,*,,,,,,,,*,*,*
canalturf.com,185.103.143.176,13,*,,,,,,,,*,*,*
krakow.pl,149.156.2.195,11,*,,,,,,,,*,*,*
facebook.com,31.13.71.36,13,*,,,,,,,,*,*,*
messefrankfurt.com,193.109.4.37,12,*,,,,,,,,*,*,*
instagram.com,157.240.241.174,13,*,,,,,,,,*,*,*
linkedin.com,150.171.22.12,10,*,,,,,,,,*,*,*
amazonaws.com,72.21.206.80,10,*,,,,,,,,*,*,*
nationaltrust.org.uk,52.210.108.135,11,*,,,,,,,,*,*,*
azure.com,20.231.239.246,14,*,,,,,,,,*,*,*
live.com,204.79.197.212,11,*,,,,,,,,*,*,*
microsoft.com,13.107.253.40,14,*,,,,,,,,*,*,*
fbcdn.net,57.144.180.1,13,*,,,,,,,,*,*,*
wikipedia.org,208.80.154.224,12,*,,,,,,,,*,*,*
v6velugu.com,51.158.30.124,14,*,,,,,,,,*,*,*
syracuse.com,99.83.138.34,9,*,,,,,,,,*,*,*
amazon.com,52.94.236.248,10,*,,,,,,,,*,*,*
egramswaraj.gov.in,164.100.128.240,11,*,,,,,,,,*,*,*
list.ly,99.83.220.108,10,*,,,,,,,,*,*,*
ungrounded.net,15.235.14.84,12,*,,,,,,,,*,*,*
skyeng.ru,178.248.234.206,11,*,,,,,,,,*,*,*
office.com,13.107.6.156,12,*,,,,,,,,*,*,*
ungrounded.net,15.235.14.84,13,198.27.73.204,N/A,,,,,,,17.19,25.25,25.41
mail.ru,217.69.139.200,13,*,,,,,,,,*,*,*
dzen.ru,5.61.23.39,13,*,,,,,,,,*,*,*
canalturf.com,185.103.143.176,14,*,,,,,,,,*,*,*
krakow.pl,149.156.2.195,12,*,,,,,,,,*,*,*
facebook.com,31.13.71.36,14,*,,,,,,,,*,*,*
messefrankfurt.com,193.109.4.37,13,*,,,,,,,,*,*,*
instagram.com,157.240.241.174,14,*,,,,,,,,*,*,*
linkedin.com,150.171.22.12,11,*,,,,,,,,*,*,*
amazonaws.com,72.21.206.80,11,*,,,,,,,,*,*,*
nationaltrust.org.uk,52.210.108.135,12,*,,,,,,,,*,*,*
azure.com,20.231.239.246,15,*,,,,,,,,*,*,*
live.com,204.79.197.212,12,*,,,,,,,,*,*,*
microsoft.com,13.107.253.40,15,*,,,,,,,,*,*,*
fbcdn.net,57.144.180.1,14,*,,,,,,,,*,*,*
wikipedia.org,208.80.154.224,13,*,,,,,,,,*,*,*
v6velugu.com,51.158.30.124,15,*,,,,,,,,*,*,*
syracuse.com,99.83.138.34,10,*,,,,,,,,*,*,*
syracuse.com,99.83.138.34,11,52.93.1.21,N/A,,,,,,,9.64,10.73,10.72
amazon.com,52.94.236.248,11,*,,,,,,,,*,*,*
egramswaraj.gov.in,164.100.128.240,12,*,,,,,,,,*,*,*
list.ly,99.83.220.108,11,*,,,,,,,,*,*,*
skyeng.ru,178.248.234.206,12,*,,,,,,,,*,*,*
office.com,13.107.6.156,13,*,,,,,,,,*,*,*
mail.ru,217.69.139.200,14,*,,,,,,,,*,*,*
ungrounded.net,15.235.14.84,14,*,,,,,,,,*,*,*
dzen.ru,5.61.23.39,14,*,,,,,,,,*,*,*
canalturf.com,185.103.143.176,15,*,,,,,,,,*,*,*
krakow.pl,149.156.2.195,13,*,,,,,,,,*,*,*
facebook.com,31.13.71.36,15,*,,,,,,,,*,*,*
messefrankfurt.com,193.109.4.37,14,*,,,,,,,,*,*,*
instagram.com,157.240.241.174,15,*,,,,,,,,*,*,*
linkedin.com,150.171.22.12,12,*,,,,,,,,*,*,*
amazonaws.com,72.21.206.80,12,*,,,,,,,,*,*,*
nationaltrust.org.uk,52.210.108.135,13,*,,,,,,,,*,*,*
azure.com,20.231.239.246,16,*,,,,,,,,*,*,*
live.com,204.79.197.212,13,*,,,,,,,,*,*,*
microsoft.com,13.107.253.40,16,*,,,,,,,,*,*,*
fbcdn.net,57.144.180.1,15,*,,,,,,,,*,*,*
wikipedia.org,208.80.154.224,14,*,,,,,,,,*,*,*
v6velugu.com,51.158.30.124,16,*,,,,,,,,*,*,*
syracuse.com,99.83.138.34,12,*,,,,,,,,*,*,*
egramswaraj.gov.in,164.100.128.240,13,*,,,,,,,,*,*,*
amazon.com,52.94.236.248,12,*,,,,,,,,*,*,*
list.ly,99.83.220.108,12,*,,,,,,,,*,*,*
skyeng.ru,178.248.234.206,13,*,,,,,,,,*,*,*
office.com,13.107.6.156,14,*,,,,,,,,*,*,*
mail.ru,217.69.139.200,15,*,,,,,,,,*,*,*
ungrounded.net,15.235.14.84,15,*,,,,,,,,*,*,*
dzen.ru,5.61.23.39,15,*,,,,,,,,*,*,*
canalturf.com,185.103.143.176,16,*,,,,,,,,*,*,*
krakow.pl,149.156.2.195,14,*,,,,,,,,*,*,*
facebook.com,31.13.71.36,16,*,,,,,,,,*,*,*
messefrankfurt.com,193.109.4.37,15,*,,,,,,,,*,*,*
instagram.com,157.240.241.174,16,*,,,,,,,,*,*,*
linkedin.com,150.171.22.12,13,*,,,,,,,,*,*,*
amazonaws.com,72.21.206.80,13,*,,,,,,,,*,*,*
nationaltrust.org.uk,52.210.108.135,14,*,,,,,,,,*,*,*
azure.com,20.231.239.246,17,*,,,,,,,,*,*,*
live.com,204.79.197.212,14,*,,,,,,,,*,*,*
fbcdn.net,57.144.180.1,16,*,,,,,,,,*,*,*
microsoft.com,13.107.253.40,17,*,,,,,,,,*,*,*
wikipedia.org,208.80.154.224,15,*,,,,,,,,*,*,*
v6velugu.com,51.158.30.124,17,*,,,,,,,,*,*,*
syracuse.com,99.83.138.34,13,*,,,,,,,,*,*,*
amazon.com,52.94.236.248,13,*,,,,,,,,*,*,*
egramswaraj.gov.in,164.100.128.240,14,*,,,,,,,,*,*,*
list.ly,99.83.220.108,13,*,,,,,,,,*,*,*
skyeng.ru,178.248.234.206,14,*,,,,,,,,*,*,*
office.com,13.107.6.156,15,*,,,,,,,,*,*,*
mail.ru,217.69.139.200,16,*,,,,,,,,*,*,*
ungrounded.net,15.235.14.84,16,*,,,,,,,,*,*,*
dzen.ru,5.61.23.39,16,*,,,,,,,,*,*,*
canalturf.com,185.103.143.176,17,*,,,,,,,,*,*,*
krakow.pl,149.156.2.195,15,*,,,,,,,,*,*,*
facebook.com,31.13.71.36,17,*,,,,,,,,*,*,*
messefrankfurt.com,193.109.4.37,16,*,,,,,,,,*,*,*
instagram.com,157.240.241.174,17,*,,,,,,,,*,*,*
linkedin.com,150.171.22.12,14,*,,,,,,,,*,*,*
amazonaws.com,72.21.206.80,14,*,,,,,,,,*,*,*
nationaltrust.org.uk,52.210.108.135,15,*,,,,,,,,*,*,*
azure.com,20.231.239.246,18,*,,,,,,,,*,*,*
live.com,204.79.197.212,15,*,,,,,,,,*,*,*
fbcdn.net,57.144.180.1,17,*,,,,,,,,*,*,*
microsoft.com,13.107.253.40,18,*,,,,,,,,*,*,*
wikipedia.org,208.80.154.224,16,*,,,,,,,,*,*,*
v6velugu.com,51.158.30.124,18,*,,,,,,,,*,*,*
syracuse.com,99.83.138.34,14,*,,,,,,,,*,*,*
amazon.com,52.94.236.248,14,*,,,,,,,,*,*,*
egramswaraj.gov.in,164.100.128.240,15,*,,,,,,,,*,*,*
list.ly,99.83.220.108,14,*,,,,,,,,*,*,*
skyeng.ru,178.248.234.206,15,*,,,,,,,,*,*,*
office.com,13.107.6.156,16,*,,,,,,,,*,*,*
mail.ru,217.69.139.200,17,*,,,,,,,,*,*,*
ungrounded.net,15.235.14.84,17,*,,,,,,,,*,*,*
canalturf.com,185.103.143.176,18,*,,,,,,,,*,*,*
dzen.ru,5.61.23.39,17,*,,,,,,,,*,*,*
krakow.pl,149.156.2.195,16,*,,,,,,,,*,*,*
facebook.com,31.13.71.36,18,*,,,,,,,,*,*,*
messefrankfurt.com,193.109.4.37,17,*,,,,,,,,*,*,*
instagram.com,157.240.241.174,18,*,,,,,,,,*,*,*
linkedin.com,150.171.22.12,15,*,,,,,,,,*,*,*
amazonaws.com,72.21.206.80,15,*,,,,,,,,*,*,*
nationaltrust.org.uk,52.210.108.135,16,*,,,,,,,,*,*,*
azure.com,20.231.239.246,19,*,,,,,,,,*,*,*
live.com,204.79.197.212,16,*,,,,,,,,*,*,*
fbcdn.net,57.144.180.1,18,*,,,,,,,,*,*,*
microsoft.com,13.107.253.40,19,*,,,,,,,,*,*,*
wikipedia.org,208.80.154.224,17,*,,,,,,,,*,*,*
v6velugu.com,51.158.30.124,19,*,,,,,,,,*,*,*
syracuse.com,99.83.138.34,15,*,,,,,,,,*,*,*
amazon.com,52.94.236.248,15,*,,,,,,,,*,*,*
egramswaraj.gov.in,164.100.128.240,16,*,,,,,,,,*,*,*
list.ly,99.83.220.108,15,*,,,,,,,,*,*,*
skyeng.ru,178.248.234.206,16,*,,,,,,,,*,*,*
office.com,13.107.6.156,17,*,,,,,,,,*,*,*
mail.ru,217.69.139.200,18,*,,,,,,,,*,*,*
ungrounded.net,15.235.14.84,18,*,,,,,,,,*,*,*
dzen.ru,5.61.23.39,18,*,,,,,,,,*,*,*
canalturf.com,185.103.143.176,19,*,,,,,,,,*,*,*
krakow.pl,149.156.2.195,17,*,,,,,,,,*,*,*
facebook.com,31.13.71.36,19,*,,,,,,,,*,*,*
messefrankfurt.com,193.109.4.37,18,*,,,,,,,,*,*,*
instagram.com,157.240.241.174,19,*,,,,,,,,*,*,*
linkedin.com,150.171.22.12,16,*,,,,,,,,*,*,*
amazonaws.com,72.21.206.80,16,*,,,,,,,,*,*,*
nationaltrust.org.uk,52.210.108.135,17,*,,,,,,,,*,*,*
azure.com,20.231.239.246,20,*,,,,,,,,*,*,*
live.com,204.79.197.212,17,*,,,,,,,,*,*,*
fbcdn.net,57.144.180.1,19,*,,,,,,,,*,*,*
microsoft.com,13.107.253.40,20,*,,,,,,,,*,*,*
wikipedia.org,208.80.154.224,18,*,,,,,,,,*,*,*
v6velugu.com,51.158.30.124,20,*,,,,,,,,*,*,*
syracuse.com,99.83.138.34,16,*,,,,,,,,*,*,*
amazon.com,52.94.236.248,16,*,,,,,,,,*,*,*
egramswaraj.gov.in,164.100.128.240,17,*,,,,,,,,*,*,*
list.ly,99.83.220.108,16,*,,,,,,,,*,*,*
skyeng.ru,178.248.234.206,17,*,,,,,,,,*,*,*
office.com,13.107.6.156,18,*,,,,,,,,*,*,*
mail.ru,217.69.139.200,19,*,,,,,,,,*,*,*
ungrounded.net,15.235.14.84,19,*,,,,,,,,*,*,*
canalturf.com,185.103.143.176,20,*,,,,,,,,*,*,*
dzen.ru,5.61.23.39,19,*,,,,,,,,*,*,*
facebook.com,31.13.71.36,20,*,,,,,,,,*,*,*
krakow.pl,149.156.2.195,18,*,,,,,,,,*,*,*
messefrankfurt.com,193.109.4.37,19,*,,,,,,,,*,*,*
instagram.com,157.240.241.174,20,*,,,,,,,,*,*,*
linkedin.com,150.171.22.12,17,*,,,,,,,,*,*,*
amazonaws.com,72.21.206.80,17,*,,,,,,,,*,*,*
nationaltrust.org.uk,52.210.108.135,18,*,,,,,,,,*,*,*
live.com,204.79.197.212,18,*,,,,,,,,*,*,*
fbcdn.net,57.144.180.1,20,*,,,,,,,,*,*,*
wikipedia.org,208.80.154.224,19,*,,,,,,,,*,*,*
syracuse.com,99.83.138.34,17,*,,,,,,,,*,*,*
amazon.com,52.94.236.248,17,*,,,,,,,,*,*,*
egramswaraj.gov.in,164.100.128.240,18,*,,,,,,,,*,*,*
list.ly,99.83.220.108,17,*,,,,,,,,*,*,*
skyeng.ru,178.248.234.206,18,*,,,,,,,,*,*,*
office.com,13.107.6.156,19,*,,,,,,,,*,*,*
mail.ru,217.69.139.200,20,*,,,,,,,,*,*,*
ungrounded.net,15.235.14.84,20,*,,,,,,,,*,*,*
dzen.ru,5.61.23.39,20,*,,,,,,,,*,*,*
krakow.pl,149.156.2.195,19,*,,,,,,,,*,*,*
messefrankfurt.com,193.109.4.37,20,*,,,,,,,,*,*,*
linkedin.com,150.171.22.12,18,*,,,,,,,,*,*,*
amazonaws.com,72.21.206.80,18,*,,,,,,,,*,*,*
nationaltrust.org.uk,52.210.108.135,19,*,,,,,,,,*,*,*
live.com,204.79.197.212,19,*,,,,,,,,*,*,*
wikipedia.org,208.80.154.224,20,*,,,,,,,,*,*,*
syracuse.com,99.83.138.34,18,*,,,,,,,,*,*,*
amazon.com,52.94.236.248,18,*,,,,,,,,*,*,*
egramswaraj.gov.in,164.100.128.240,19,*,,,,,,,,*,*,*
list.ly,99.83.220.108,18,*,,,,,,,,*,*,*
skyeng.ru,178.248.234.206,19,*,,,,,,,,*,*,*
office.com,13.107.6.156,20,*,,,,,,,,*,*,*
krakow.pl,149.156.2.195,20,*,,,,,,,,*,*,*
linkedin.com,150.171.22.12,19,*,,,,,,,,*,*,*
amazonaws.com,72.21.206.80,19,*,,,,,,,,*,*,*
nationaltrust.org.uk,52.210.108.135,20,*,,,,,,,,*,*,*
live.com,204.79.197.212,20,*,,,,,,,,*,*,*
syracuse.com,99.83.138.34,19,*,,,,,,,,*,*,*
amazon.com,52.94.236.248,19,*,,,,,,,,*,*,*
egramswaraj.gov.in,164.100.128.240,20,*,,,,,,,,*,*,*
list.ly,99.83.220.108,19,*,,,,,,,,*,*,*
skyeng.ru,178.248.234.206,20,*,,,,,,,,*,*,*
linkedin.com,150.171.22.12,20,*,,,,,,,,*,*,*
amazonaws.com,72.21.206.80,20,*,,,,,,,,*,*,*
syracuse.com,99.83.138.34,20,*,,,,,,,,*,*,*
amazon.com,52.94.236.248,20,*,,,,,,,,*,*,*
list.ly,99.83.220.108,20,*,,,,,,,,*,*,*
